time,DRVD_TAI_SECONDS,DRVD_LAST_XB1_CMD_EXECUTED # will this be formated in the telemetry data
2022-02-02T18:36:21Z,,7937
2022-02-02T18:36:22Z,,7937
2022-02-02T18:36:23Z,,7937
2022-02-02T18:36:24Z,,7937
2022-02-02T18:36:25Z,,7937
2022-02-02T18:36:26Z,,7937
2022-02-02T18:36:27Z,,7937
2022-02-02T18:36:28Z,,7937
2022-02-02T18:36:29Z,,7937
2022-02-02T18:36:30Z,,7937
2022-02-02T18:36:31Z,,7937
2022-02-02T18:36:32Z,,7937
2022-02-02T18:36:33Z,,7937
2022-02-02T18:36:34Z,,7937
2022-02-02T18:36:35Z,,7937
2022-02-02T18:36:36Z,,7937
2022-02-02T18:36:37Z,,7937
2022-02-02T18:36:38Z,,7937
2022-02-02T18:36:39Z,,7937
2022-02-02T18:36:40Z,,7937
2022-02-02T18:36:41Z,,7937
2022-02-02T18:36:42Z,,7937
2022-02-02T18:36:43Z,,7937
2022-02-02T18:36:44Z,,7937
2022-02-02T18:36:45Z,,7937
2022-02-02T18:36:46Z,,7937
2022-02-02T18:36:47Z,,7937
2022-02-02T18:36:48Z,,7937
2022-02-02T18:36:49Z,,7937
2022-02-02T18:36:50Z,,7937
2022-02-02T18:36:51Z,,7937
2022-02-02T18:36:52Z,,7937
2022-02-02T18:36:53Z,,7937
2022-02-02T18:36:54Z,,7937
2022-02-02T18:36:55Z,,7937
2022-02-02T18:36:56Z,,7937
2022-02-02T18:36:57Z,,7937
2022-02-02T18:36:58Z,,7937
2022-02-02T18:36:59Z,,7937
2022-02-02T18:37:00Z,,7937
2022-02-02T18:37:01Z,,7937
2022-02-02T18:37:02Z,,7937
2022-02-02T18:37:03Z,,7937
2022-02-02T18:37:04Z,,7937
2022-02-02T18:37:05Z,,7937
2022-02-02T18:37:06Z,,7937
2022-02-02T18:37:07Z,,7937
2022-02-02T18:37:08Z,,7937
2022-02-02T18:37:09Z,,7937
2022-02-02T18:37:10Z,,7937
2022-02-02T18:37:11Z,,7937
2022-02-02T18:37:12Z,,7937
2022-02-02T18:37:13Z,,7937
2022-02-02T18:37:14Z,,7937
2022-02-02T18:37:15Z,,7937
2022-02-02T18:37:16Z,,7937
2022-02-02T18:37:17Z,,7937
2022-02-02T18:37:18Z,,7937
2022-02-02T18:37:19Z,,7937
2022-02-02T18:37:20Z,,7937
2022-02-02T18:37:21Z,,7937
2022-02-02T18:37:22Z,,7937
2022-02-02T18:37:23Z,,7937
2022-02-02T18:37:24Z,,7937
2022-02-02T18:37:25Z,,7937
2022-02-02T18:37:26Z,,7937
2022-02-02T18:37:27Z,,7937
2022-02-02T18:37:28Z,,7937
2022-02-02T18:37:29Z,,7937
2022-02-02T18:37:30Z,,7937
2022-02-02T18:37:31Z,,7937
2022-02-02T18:37:32Z,,7937
2022-02-02T18:37:33Z,,7937
2022-02-02T18:37:34Z,,7937
2022-02-02T18:37:35Z,,7937
2022-02-02T18:37:36Z,,7937
2022-02-02T18:37:37Z,,7937
2022-02-02T18:37:38Z,,7937
2022-02-02T18:37:39Z,,7937
2022-02-02T18:37:40Z,,7937
2022-02-02T18:37:41Z,,7937
2022-02-02T18:37:42Z,,7937
2022-02-02T18:37:43Z,,7937
2022-02-02T18:37:44Z,,7937
2022-02-02T18:37:45Z,,7937
2022-02-02T18:37:46Z,,7937
2022-02-02T18:37:47Z,,7937
2022-02-02T18:37:48Z,,7937
2022-02-02T18:37:49Z,,257
2022-02-02T18:37:50Z,,257
2022-02-02T18:37:51Z,,257
2022-02-02T18:37:52Z,,257
2022-02-02T18:37:53Z,,257
2022-02-02T18:37:54Z,,257
2022-02-02T18:37:55Z,,257
2022-02-02T18:37:56Z,,257
2022-02-02T18:37:57Z,,257
2022-02-02T18:37:58Z,,257
2022-02-02T18:37:59Z,,257
2022-02-02T18:38:00Z,,257
2022-02-02T18:38:01Z,,257
2022-02-02T18:38:02Z,,257
2022-02-02T18:38:03Z,,257
2022-02-02T18:38:04Z,,257
2022-02-02T18:38:05Z,,257
2022-02-02T18:38:06Z,,257
2022-02-02T18:38:07Z,,257
2022-02-02T18:38:08Z,,257
2022-02-02T18:38:09Z,,257
2022-02-02T18:38:10Z,,257
2022-02-02T18:38:11Z,,257
2022-02-02T18:38:12Z,,257
2022-02-02T18:38:13Z,,257
2022-02-02T18:38:14Z,,257
2022-02-02T18:38:15Z,,257
2022-02-02T18:38:16Z,,257
2022-02-02T18:38:17Z,,257
2022-02-02T18:38:18Z,,257
2022-02-02T18:38:19Z,,257
2022-02-02T18:38:20Z,,257
2022-02-02T18:38:21Z,,257
2022-02-02T18:38:22Z,,257
2022-02-02T18:38:23Z,,257
2022-02-02T18:38:24Z,,257
2022-02-02T18:38:25Z,,257
2022-02-02T18:38:26Z,,257
2022-02-02T18:38:27Z,,257
2022-02-02T18:38:28Z,,257
2022-02-02T18:38:29Z,,257
2022-02-02T18:38:30Z,,257
2022-02-02T18:38:31Z,,257
2022-02-02T18:38:32Z,,257
2022-02-02T18:38:33Z,,257
2022-02-02T18:38:34Z,,257
2022-02-02T18:38:35Z,,257
2022-02-02T18:38:36Z,,257
2022-02-02T18:38:37Z,,257
2022-02-02T18:38:38Z,,257
2022-02-02T18:38:39Z,,257
2022-02-02T18:38:40Z,,257
2022-02-02T18:38:41Z,,257
2022-02-02T18:38:42Z,,257
2022-02-02T18:38:43Z,,257
2022-02-02T18:38:44Z,,257
2022-02-02T18:38:45Z,,257
2022-02-02T18:38:46Z,,257
2022-02-02T18:38:47Z,,257
2022-02-02T18:38:48Z,,257
2022-02-02T18:38:49Z,,257
2022-02-02T18:38:50Z,,257
2022-02-02T18:38:51Z,,257
2022-02-02T18:38:52Z,,257
2022-02-02T18:38:53Z,,257
2022-02-02T18:38:54Z,,257
2022-02-02T18:38:56Z,,257
2022-02-02T18:38:57Z,,257
2022-02-02T18:38:58Z,,257
2022-02-02T18:38:59Z,,257
2022-02-02T18:39:00Z,,257
2022-02-02T18:39:01Z,,257
2022-02-02T18:39:02Z,,257
2022-02-02T18:39:03Z,,257
2022-02-02T18:39:04Z,,257
2022-02-02T18:39:05Z,,257
2022-02-02T18:39:06Z,,10241
2022-02-02T18:39:07Z,,10241
2022-02-02T18:39:08Z,,10241
2022-02-02T18:39:09Z,,10241
2022-02-02T18:39:10Z,,10241
2022-02-02T18:39:11Z,,10241
2022-02-02T18:39:12Z,,10241
2022-02-02T18:39:13Z,,10241
2022-02-02T18:39:14Z,,10241
2022-02-02T18:39:15Z,,10241
2022-02-02T18:39:16Z,,10241
2022-02-02T18:39:17Z,,10241
2022-02-02T18:39:18Z,,10241
2022-02-02T18:39:19Z,,10241
2022-02-02T18:39:20Z,,10241
2022-02-02T18:39:21Z,,10241
2022-02-02T18:39:22Z,,10241
2022-02-02T18:39:23Z,,10241
2022-02-02T18:39:24Z,,10241
2022-02-02T18:39:25Z,,10241
2022-02-02T18:39:26Z,,10241
2022-02-02T18:39:27Z,,10241
2022-02-02T18:39:28Z,,10241
2022-02-02T18:39:29Z,,10241
2022-02-02T18:39:30Z,,8451
2022-02-02T18:39:31Z,,8451
2022-02-02T18:39:32Z,,8451
2022-02-02T18:39:33Z,,8451
2022-02-02T18:39:34Z,,8451
2022-02-02T18:39:35Z,,8451
2022-02-02T18:39:36Z,,8451
2022-02-02T18:39:37Z,,8451
2022-02-02T18:39:38Z,,8451
2022-02-02T18:39:39Z,,8451
2022-02-02T18:39:40Z,,8451
2022-02-02T18:39:41Z,,8451
2022-02-02T18:39:42Z,,8451
2022-02-02T18:39:43Z,,8451
2022-02-02T18:39:44Z,,8451
2022-02-02T18:39:45Z,,8451
2022-02-02T18:39:46Z,,8451
2022-02-02T18:39:47Z,,8451
2022-02-02T18:39:48Z,,8451
2022-02-02T18:39:49Z,,8451
2022-02-02T18:39:50Z,,8451
2022-02-02T18:39:51Z,,8451
2022-02-02T18:39:52Z,,8451
2022-02-02T18:39:53Z,,8451
2022-02-02T18:39:54Z,,8451
2022-02-02T18:39:55Z,,8451
2022-02-02T18:39:56Z,,8451
2022-02-02T18:39:57Z,,8451
2022-02-02T18:39:58Z,,8451
2022-02-02T18:39:59Z,,8451
2022-02-02T18:40:00Z,,8451
2022-02-02T18:40:01Z,,8451
2022-02-02T18:40:02Z,,8451
2022-02-02T18:40:03Z,,8451
2022-02-02T18:40:04Z,,8451
2022-02-02T18:40:05Z,,8451
2022-02-02T18:40:06Z,,8451
2022-02-02T18:40:07Z,,8451
2022-02-02T18:40:08Z,,8451
2022-02-02T18:40:09Z,,8451
2022-02-02T18:40:10Z,,8451
2022-02-02T18:40:11Z,,8451
2022-02-02T18:40:12Z,,8451
2022-02-02T18:40:13Z,,8451
2022-02-02T18:40:14Z,,8451
2022-02-02T18:40:15Z,,8451
2022-02-02T18:40:16Z,,8451
2022-02-02T18:40:17Z,,8451
2022-02-02T18:40:18Z,,8451
2022-02-02T18:40:19Z,,8451
2022-02-02T18:40:20Z,,8451
2022-02-02T18:40:21Z,,8451
2022-02-02T18:40:22Z,,8451
2022-02-02T18:40:23Z,,8451
2022-02-02T18:40:24Z,,8451
2022-02-02T18:40:25Z,,8451
2022-02-02T18:40:26Z,,8451
2022-02-02T18:40:27Z,,8451
2022-02-02T18:40:28Z,,8451
2022-02-02T18:40:29Z,,8451
2022-02-02T18:40:30Z,,8451
2022-02-02T18:40:31Z,,8451
2022-02-02T18:40:32Z,,8451
2022-02-02T18:40:33Z,,8451
2022-02-02T18:40:34Z,,8451
2022-02-02T18:40:35Z,,8451
2022-02-02T18:40:36Z,,8451
2022-02-02T18:40:37Z,,8451
2022-02-02T18:40:38Z,,8451
2022-02-02T18:40:39Z,,8451
2022-02-02T18:40:40Z,,8451
2022-02-02T18:40:41Z,,8451
2022-02-02T18:40:42Z,,8451
2022-02-02T18:40:43Z,,8451
2022-02-02T18:40:44Z,,8451
2022-02-02T18:40:45Z,,8451
2022-02-02T18:40:46Z,,8451
2022-02-02T18:40:47Z,,8451
2022-02-02T18:40:48Z,,8451
2022-02-02T18:40:49Z,,8451
2022-02-02T18:40:50Z,,8451
2022-02-02T18:40:51Z,,8451
2022-02-02T18:40:52Z,,8451
2022-02-02T18:40:53Z,,8451
2022-02-02T18:40:54Z,,8451
2022-02-02T18:40:55Z,,8451
2022-02-02T18:40:56Z,,8451
2022-02-02T18:40:57Z,,8451
2022-02-02T18:40:58Z,,8451
2022-02-02T18:40:59Z,,8451
2022-02-02T18:41:00Z,,8451
2022-02-02T18:41:01Z,,8451
2022-02-02T18:41:02Z,,8451
2022-02-02T18:41:03Z,,8451
2022-02-02T18:41:04Z,,8451
2022-02-02T18:41:05Z,,8451
2022-02-02T18:41:06Z,,8451
2022-02-02T18:41:07Z,,8451
2022-02-02T18:41:08Z,,8451
2022-02-02T18:41:09Z,,8451
2022-02-02T18:41:10Z,,8451
2022-02-02T18:41:11Z,,8451
2022-02-02T18:41:12Z,,8451
2022-02-02T18:41:13Z,,8451
2022-02-02T18:41:14Z,,8451
2022-02-02T18:41:15Z,,8451
2022-02-02T18:41:16Z,,8451
2022-02-02T18:41:17Z,,8451
2022-02-02T18:41:18Z,,8451
2022-02-02T18:41:19Z,,8451
2022-02-02T18:41:20Z,,8451
2022-02-02T18:41:21Z,,8451
2022-02-02T18:41:22Z,,8451
2022-02-02T18:41:23Z,,8451
2022-02-02T18:41:24Z,,8451
2022-02-02T18:41:25Z,,8451
2022-02-02T18:41:26Z,,8451
2022-02-02T18:41:27Z,,8451
2022-02-02T18:41:28Z,,8451
2022-02-02T18:41:29Z,,8451
2022-02-02T18:41:30Z,,8451
2022-02-02T18:41:31Z,,8451
2022-02-02T18:41:32Z,,8451
2022-02-02T18:41:33Z,,8451
2022-02-02T18:41:34Z,,8451
2022-02-02T18:41:35Z,,8451
2022-02-02T18:41:36Z,,8451
2022-02-02T18:41:37Z,,8451
2022-02-02T18:41:38Z,,8451
2022-02-02T18:41:39Z,,8451
2022-02-02T18:41:40Z,,8451
2022-02-02T18:41:41Z,,8451
2022-02-02T18:41:42Z,,8451
2022-02-02T18:41:43Z,,8451
2022-02-02T18:41:44Z,,8451
2022-02-02T18:41:45Z,,8451
2022-02-02T18:41:46Z,,8451
2022-02-02T18:41:47Z,,8451
2022-02-02T18:41:48Z,,8451
2022-02-02T18:41:49Z,,8451
2022-02-02T18:41:50Z,,8451
2022-02-02T18:41:51Z,,8451
2022-02-02T18:41:52Z,,8451
2022-02-02T18:41:53Z,,8451
2022-02-02T18:41:54Z,,8451
2022-02-02T18:41:55Z,,8451
2022-02-02T18:41:56Z,,8451
2022-02-02T18:41:57Z,,8451
2022-02-02T18:41:58Z,,8451
2022-02-02T18:41:59Z,,8451
2022-02-02T18:42:00Z,,8451
2022-02-02T18:42:01Z,,8451
2022-02-02T18:42:02Z,,8451
2022-02-02T18:42:03Z,,8451
2022-02-02T18:42:04Z,,8451
2022-02-02T18:42:05Z,,8451
2022-02-02T18:42:06Z,,8451
2022-02-02T18:42:07Z,,8451
2022-02-02T18:42:08Z,,8451
2022-02-02T18:42:09Z,,8451
2022-02-02T18:42:10Z,,8451
2022-02-02T18:42:11Z,,8451
2022-02-02T18:42:12Z,,8451
2022-02-02T18:42:13Z,,8451
2022-02-02T18:42:14Z,,8451
2022-02-02T18:42:15Z,,8451
2022-02-02T18:42:16Z,,8451
2022-02-02T18:42:17Z,,8451
2022-02-02T18:42:18Z,,8451
2022-02-02T18:42:19Z,,8451
2022-02-02T18:42:20Z,,8451
2022-02-02T18:42:21Z,,8451
2022-02-02T18:42:22Z,,8451
2022-02-02T18:42:23Z,,8451
2022-02-02T18:42:24Z,,8451
2022-02-02T18:42:25Z,,8451
2022-02-02T18:42:26Z,,8451
2022-02-02T18:42:27Z,,8451
2022-02-02T18:42:28Z,,8451
2022-02-02T18:42:29Z,,8451
2022-02-02T18:42:30Z,,8451
2022-02-02T18:42:31Z,,8451
2022-02-02T18:42:32Z,,8451
2022-02-02T18:42:33Z,,8451
2022-02-02T18:42:34Z,,8451
2022-02-02T18:42:35Z,,8451
2022-02-02T18:42:36Z,,8451
2022-02-02T18:42:37Z,,8451
2022-02-02T18:42:38Z,,8451
2022-02-02T18:42:39Z,,8451
2022-02-02T18:42:40Z,,8451
2022-02-02T18:42:41Z,,8451
2022-02-02T18:42:42Z,,8451
2022-02-02T18:42:43Z,,8451
2022-02-02T18:42:44Z,,8451
2022-02-02T18:42:45Z,,8451
2022-02-02T18:42:46Z,,8451
2022-02-02T18:42:47Z,,8451
2022-02-02T18:42:48Z,,8451
2022-02-02T18:42:49Z,,8451
2022-02-02T18:42:50Z,,8451
2022-02-02T18:42:51Z,,8451
2022-02-02T18:42:52Z,,8451
2022-02-02T18:42:53Z,,8451
2022-02-02T18:42:54Z,,8451
2022-02-02T18:42:55Z,,8451
2022-02-02T18:42:56Z,,8451
2022-02-02T18:42:57Z,,8451
2022-02-02T18:42:58Z,,8451
2022-02-02T18:42:59Z,,8451
2022-02-02T18:43:00Z,,8451
2022-02-02T18:43:01Z,,8451
2022-02-02T18:43:02Z,,8451
2022-02-02T18:43:03Z,,8451
2022-02-02T18:43:04Z,,8451
2022-02-02T18:43:05Z,,8451
2022-02-02T18:43:06Z,,10241
2022-02-02T18:43:07Z,,10241
2022-02-02T18:43:08Z,,10241
2022-02-02T18:43:09Z,,10242
2022-02-02T18:43:10Z,,10241
2022-02-02T18:43:11Z,,10241
2022-02-02T18:43:12Z,,10241
2022-02-02T18:43:13Z,,10242
2022-02-02T18:43:14Z,,10242
2022-02-02T18:43:15Z,,10242
2022-02-02T18:43:16Z,,10242
2022-02-02T18:43:17Z,,10242
2022-02-02T18:43:18Z,,10242
2022-02-02T18:43:19Z,,10242
2022-02-02T18:43:20Z,,10242
2022-02-02T18:43:21Z,,10242
2022-02-02T18:43:22Z,,10242
2022-02-02T18:43:23Z,,10242
2022-02-02T18:43:24Z,,10242
2022-02-02T18:43:25Z,,10242
2022-02-02T18:43:26Z,,10242
2022-02-02T18:43:27Z,,10242
2022-02-02T18:43:28Z,,10242
2022-02-02T18:43:29Z,,10242
2022-02-02T18:43:30Z,,10242
2022-02-02T18:43:31Z,,10242
2022-02-02T18:43:32Z,,10242
2022-02-02T18:43:33Z,,10242
2022-02-02T18:43:34Z,,10242
2022-02-02T18:43:35Z,,10242
2022-02-02T18:43:36Z,,10242
2022-02-02T18:43:37Z,,10242
2022-02-02T18:43:38Z,,10242
2022-02-02T18:43:39Z,,10242
2022-02-02T18:43:40Z,,7947
2022-02-02T18:43:41Z,,7947
2022-02-02T18:43:42Z,,7947
2022-02-02T18:43:43Z,,7947
2022-02-02T18:43:44Z,,7947
2022-02-02T18:43:45Z,,7947
2022-02-02T18:43:46Z,,7947
2022-02-02T18:43:47Z,,7947
2022-02-02T18:43:48Z,,7947
2022-02-02T18:43:49Z,,7947
2022-02-02T18:43:50Z,,7947
2022-02-02T18:43:51Z,,7947
2022-02-02T18:43:52Z,,7947
2022-02-02T18:43:53Z,,7947
2022-02-02T18:43:54Z,,7947
2022-02-02T18:43:55Z,,7947
2022-02-02T18:43:56Z,,7947
2022-02-02T18:43:57Z,,7947
2022-02-02T18:43:58Z,,7947
2022-02-02T18:43:59Z,,7947
2022-02-02T18:44:00Z,,7947
2022-02-02T18:44:01Z,,7947
2022-02-02T18:44:02Z,,7947
2022-02-02T18:44:03Z,,7947
2022-02-02T18:44:04Z,,7947
2022-02-02T18:44:05Z,,7947
2022-02-02T18:44:06Z,,7947
2022-02-02T18:44:07Z,,7947
2022-02-02T18:44:08Z,,7947
2022-02-02T18:44:09Z,,7947
2022-02-02T18:44:10Z,,7947
2022-02-02T18:44:11Z,,7947
2022-02-02T18:44:12Z,,7947
2022-02-02T18:44:13Z,,7947
2022-02-02T18:44:14Z,,7947
2022-02-02T18:44:15Z,,7947
2022-02-02T18:44:16Z,,7947
2022-02-02T18:44:17Z,,7947
2022-02-02T18:44:18Z,,7947
2022-02-02T18:44:19Z,,7947
2022-02-02T18:44:20Z,,7947
2022-02-02T18:44:21Z,,7947
2022-02-02T18:44:22Z,,7947
2022-02-02T18:44:23Z,,7947
2022-02-02T18:44:24Z,,7947
2022-02-02T18:44:25Z,,7947
2022-02-02T18:44:26Z,,7947
2022-02-02T18:44:27Z,,7947
2022-02-02T18:44:28Z,,7947
2022-02-02T18:44:29Z,,7947
2022-02-02T18:44:30Z,,7947
2022-02-02T18:44:31Z,,7947
2022-02-02T18:44:32Z,,7947
2022-02-02T18:44:33Z,,7947
2022-02-02T18:44:34Z,,7947
2022-02-02T18:44:35Z,,7947
2022-02-02T18:44:36Z,,7947
2022-02-02T18:44:37Z,,7947
2022-02-02T18:44:38Z,,7947
2022-02-02T18:44:39Z,,7947
2022-02-02T18:44:40Z,,7947
2022-02-02T18:44:41Z,,7947
2022-02-02T18:44:42Z,,7947
2022-02-02T18:44:43Z,,7947
2022-02-02T18:44:44Z,,7947
2022-02-02T18:44:45Z,,7947
2022-02-02T18:44:46Z,,7947
2022-02-02T18:44:47Z,,7947
2022-02-02T18:44:48Z,,7947
2022-02-02T18:44:49Z,,7947
2022-02-02T18:44:50Z,,7947
2022-02-02T18:44:51Z,,7947
2022-02-02T18:44:52Z,,7947
2022-02-02T18:44:53Z,,7947
2022-02-02T18:44:54Z,,7947
2022-02-02T18:44:55Z,,7947
2022-02-02T18:44:56Z,,7947
2022-02-02T18:44:57Z,,7947
2022-02-02T18:44:58Z,,7947
2022-02-02T18:44:59Z,,7947
2022-02-02T18:45:00Z,,7947
2022-02-02T18:45:01Z,,7947
2022-02-02T18:45:02Z,,7947
2022-02-02T18:45:03Z,,7947
2022-02-02T18:45:04Z,,7947
2022-02-02T18:45:05Z,,7947
2022-02-02T18:45:06Z,,7947
2022-02-02T18:45:07Z,,7947
2022-02-02T18:45:08Z,,7947
2022-02-02T18:45:09Z,,7947
2022-02-02T18:45:10Z,,7947
2022-02-02T18:45:11Z,,7947
2022-02-02T18:45:12Z,,7947
2022-02-02T18:45:13Z,,7947
2022-02-02T18:45:14Z,,7947
2022-02-02T18:45:15Z,,7947
2022-02-02T18:45:16Z,,7947
2022-02-02T18:45:17Z,,7947
2022-02-02T18:45:18Z,,7947
2022-02-02T18:45:19Z,,7947
2022-02-02T18:45:20Z,,7944
2022-02-02T18:45:21Z,,7944
2022-02-02T18:45:22Z,,7944
2022-02-02T18:45:23Z,,7944
2022-02-02T18:45:24Z,,7944
2022-02-02T18:45:25Z,,7944
2022-02-02T18:45:26Z,,7944
2022-02-02T18:45:27Z,,7944
2022-02-02T18:45:28Z,,7944
2022-02-02T18:45:29Z,,7944
2022-02-02T18:45:30Z,,7944
2022-02-02T18:45:31Z,,7944
2022-02-02T18:45:32Z,,7944
2022-02-02T18:45:33Z,,7944
2022-02-02T18:45:34Z,,7944
2022-02-02T18:45:35Z,,7944
2022-02-02T18:45:36Z,,7944
2022-02-02T18:45:37Z,,7944
2022-02-02T18:45:38Z,,7944
2022-02-02T18:45:39Z,,7944
2022-02-02T18:45:40Z,,7944
2022-02-02T18:45:41Z,,7944
2022-02-02T18:45:42Z,,7944
2022-02-02T18:45:43Z,,7944
2022-02-02T18:45:44Z,,7944
2022-02-02T18:45:45Z,,7944
2022-02-02T18:45:46Z,,7944
2022-02-02T18:45:47Z,,7944
2022-02-02T18:45:48Z,,7944
2022-02-02T18:45:49Z,,7944
2022-02-02T18:45:50Z,,7944
2022-02-02T18:45:51Z,,7944
2022-02-02T18:45:52Z,,7944
2022-02-02T18:45:53Z,,7944
2022-02-02T18:45:54Z,,7944
2022-02-02T18:45:55Z,,7944
2022-02-02T18:45:56Z,,7944
2022-02-02T18:45:57Z,,10241
2022-02-02T18:45:58Z,,10241
2022-02-02T18:45:59Z,,10241
2022-02-02T18:46:00Z,,10241
2022-02-02T18:46:01Z,,10241
2022-02-02T18:46:02Z,,10241
2022-02-02T18:46:03Z,,10241
2022-02-02T18:46:04Z,,10241
2022-02-02T18:46:05Z,,10241
2022-02-02T18:46:06Z,,10241
2022-02-02T18:46:07Z,,9217
2022-02-02T18:46:08Z,,9217
2022-02-02T18:46:09Z,,9217
2022-02-02T18:46:10Z,,9217
2022-02-02T18:46:11Z,,9217
2022-02-02T18:46:12Z,,9217
2022-02-02T18:46:13Z,,9217
2022-02-02T18:46:14Z,,9217
2022-02-02T18:46:15Z,,9217
2022-02-02T18:46:16Z,,9217
2022-02-02T18:46:17Z,,9217
2022-02-02T18:46:18Z,,9217
2022-02-02T18:46:19Z,,9217
2022-02-02T18:46:20Z,,9217
2022-02-02T18:46:21Z,,9217
2022-02-02T18:46:22Z,,9217
2022-02-02T18:46:23Z,,9217
2022-02-02T18:46:24Z,,9217
2022-02-02T18:46:25Z,,9217
2022-02-02T18:46:26Z,,9217
2022-02-02T18:46:27Z,,9217
2022-02-02T18:46:28Z,,9217
2022-02-02T18:46:29Z,,9217
2022-02-02T18:46:30Z,,9217
2022-02-02T18:46:31Z,,9217
2022-02-02T18:46:32Z,,9217
2022-02-02T18:46:33Z,,9217
2022-02-02T18:46:34Z,,9217
2022-02-02T18:46:35Z,,9217
2022-02-02T18:46:36Z,,9217
2022-02-02T18:46:37Z,,9217
2022-02-02T18:46:38Z,,9217
2022-02-02T18:46:39Z,,9217
2022-02-02T18:46:40Z,,9217
2022-02-02T18:46:41Z,,9217
2022-02-02T18:46:42Z,,8451
2022-02-02T18:46:43Z,,8451
2022-02-02T18:46:44Z,,8451
2022-02-02T18:46:45Z,,8451
2022-02-02T18:46:46Z,,8451
2022-02-02T18:46:47Z,,8451
2022-02-02T18:46:48Z,,8451
2022-02-02T18:46:49Z,,8451
2022-02-02T18:46:50Z,,8451
2022-02-02T18:46:51Z,,8451
2022-02-02T18:46:52Z,,8451
2022-02-02T18:46:53Z,,8451
2022-02-02T18:46:54Z,,8451
2022-02-02T18:46:55Z,,8451
2022-02-02T18:46:56Z,,8451
2022-02-02T18:46:57Z,,8451
2022-02-02T18:46:58Z,,8451
2022-02-02T18:46:59Z,,8451
2022-02-02T18:47:00Z,,8451
2022-02-02T18:47:01Z,,8451
2022-02-02T18:47:02Z,,8451
2022-02-02T18:47:03Z,,8451
2022-02-02T18:47:04Z,,8451
2022-02-02T18:47:05Z,,8451
2022-02-02T18:47:06Z,,8451
2022-02-02T18:47:07Z,,8451
2022-02-02T18:47:08Z,,8451
2022-02-02T18:47:09Z,,8451
2022-02-02T18:47:10Z,,8451
2022-02-02T18:47:11Z,,8451
2022-02-02T18:47:12Z,,8451
2022-02-02T18:47:13Z,,8451
2022-02-02T18:47:14Z,,8451
2022-02-02T18:47:15Z,,8451
2022-02-02T18:47:16Z,,8451
2022-02-02T18:47:17Z,,8451
2022-02-02T18:47:18Z,,8451
2022-02-02T18:47:19Z,,8451
2022-02-02T18:47:20Z,,8451
2022-02-02T18:47:21Z,,8451
2022-02-02T18:47:22Z,,8451
2022-02-02T18:47:23Z,,8451
2022-02-02T18:47:24Z,,8451
2022-02-02T18:47:25Z,,8451
2022-02-02T18:47:26Z,,8451
2022-02-02T18:47:27Z,,8451
2022-02-02T18:47:28Z,,8451
2022-02-02T18:47:29Z,,8451
2022-02-02T18:47:30Z,,10241
2022-02-02T18:47:31Z,,10241
2022-02-02T18:47:32Z,,10241
2022-02-02T18:47:33Z,,10241
2022-02-02T18:47:34Z,,10241
2022-02-02T18:47:35Z,,10241
2022-02-02T18:47:36Z,,10241
2022-02-02T18:47:37Z,,10241
2022-02-02T18:47:38Z,,10241
2022-02-02T18:47:39Z,,10241
2022-02-02T18:47:40Z,,10241
2022-02-02T18:47:41Z,,10241
2022-02-02T18:47:42Z,,10241
2022-02-02T18:47:43Z,,10241
2022-02-02T18:47:44Z,,10241
2022-02-02T18:47:45Z,,10241
2022-02-02T18:47:46Z,,10241
2022-02-02T18:47:47Z,,10241
2022-02-02T18:47:48Z,,10241
2022-02-02T18:47:49Z,,10241
2022-02-02T18:47:50Z,,10241
2022-02-02T18:47:51Z,,10241
2022-02-02T18:47:52Z,,10241
2022-02-02T18:47:53Z,,10241
2022-02-02T18:47:54Z,,10241
2022-02-02T18:47:55Z,,10241
2022-02-02T18:47:56Z,,10241
2022-02-02T18:47:57Z,,10241
2022-02-02T18:47:58Z,,10241
2022-02-02T18:47:59Z,,10241
2022-02-02T18:48:00Z,,10241
2022-02-02T18:48:01Z,,10241
2022-02-02T18:48:02Z,,10241
2022-02-02T18:48:03Z,,10241
2022-02-02T18:48:04Z,,10241
2022-02-02T18:48:05Z,,10241
2022-02-02T18:48:06Z,,10241
2022-02-02T18:48:07Z,,10241
2022-02-02T18:48:08Z,,10241
2022-02-02T18:48:09Z,,10241
2022-02-02T18:48:10Z,,10242
2022-02-02T18:48:11Z,,10241
2022-02-02T18:48:12Z,,10241
2022-02-02T18:48:13Z,,10242
2022-02-02T18:48:14Z,,10241
2022-02-02T18:48:15Z,,10241
2022-02-02T18:48:16Z,,10241
2022-02-02T18:48:17Z,,10241
2022-02-02T18:48:18Z,,10241
2022-02-02T18:48:19Z,,10241
2022-02-02T18:48:20Z,,10241
2022-02-02T18:48:21Z,,10241
2022-02-02T18:48:22Z,,10241
2022-02-02T18:48:23Z,,10241
2022-02-02T18:48:24Z,,10241
2022-02-02T18:48:25Z,,10241
2022-02-02T18:48:26Z,,10241
2022-02-02T18:48:27Z,,10241
2022-02-02T18:48:28Z,,10241
2022-02-02T18:48:29Z,,10241
2022-02-02T18:48:30Z,,10241
2022-02-02T18:48:31Z,,10241
2022-02-02T18:48:32Z,,10241
2022-02-02T18:48:33Z,,10241
2022-02-02T18:48:34Z,,10241
2022-02-02T18:48:35Z,,10241
2022-02-02T18:48:36Z,,10241
2022-02-02T18:48:37Z,,10241
2022-02-02T18:48:38Z,,10241
2022-02-02T18:48:39Z,,10241
2022-02-02T18:48:40Z,,10241
2022-02-02T18:48:41Z,,10241
2022-02-02T18:48:42Z,,10241
2022-02-02T18:48:43Z,,10241
2022-02-02T18:48:44Z,,10241
2022-02-02T18:48:45Z,,10241
2022-02-02T18:48:46Z,,10241
2022-02-02T18:48:47Z,,10241
2022-02-02T18:48:48Z,,10241
2022-02-02T18:48:49Z,,10241
2022-02-02T18:48:50Z,,10241
2022-02-02T18:48:51Z,,10241
2022-02-02T18:48:52Z,,10241
2022-02-02T18:48:53Z,,10241
2022-02-02T18:48:54Z,,10241
2022-02-02T18:48:55Z,,10241
2022-02-02T18:48:56Z,,10241
2022-02-02T18:48:57Z,,10241
2022-02-02T18:48:58Z,,10241
2022-02-02T18:48:59Z,,10241
2022-02-02T18:49:00Z,,10241
2022-02-02T18:49:01Z,,10241
2022-02-02T18:49:02Z,,10241
2022-02-02T18:49:03Z,,10241
2022-02-02T18:49:04Z,,10241
2022-02-02T18:49:05Z,,10241
2022-02-02T18:49:06Z,,10241
2022-02-02T18:49:07Z,,10241
2022-02-02T18:49:08Z,,10241
2022-02-02T18:49:09Z,,10241
2022-02-02T18:49:10Z,,10241
2022-02-02T18:49:11Z,,10241
2022-02-02T18:49:12Z,,10241
2022-02-02T18:49:13Z,,10241
2022-02-02T18:49:14Z,,10241
2022-02-02T18:49:15Z,,10241
2022-02-02T18:49:16Z,,10241
2022-02-02T18:49:17Z,,9217
2022-02-02T18:49:18Z,,9217
2022-02-02T18:49:19Z,,9217
2022-02-02T18:49:20Z,,9217
2022-02-02T18:49:21Z,,9217
2022-02-02T18:49:22Z,,9217
2022-02-02T18:49:23Z,,9217
2022-02-02T18:49:24Z,,9217
2022-02-02T18:49:25Z,,9217
2022-02-02T18:49:26Z,,10241
2022-02-02T18:49:27Z,,10241
2022-02-02T18:49:28Z,,9223
2022-02-02T18:49:29Z,,9223
2022-02-02T18:49:30Z,,9223
2022-02-02T18:49:31Z,,9223
2022-02-02T18:49:32Z,,9223
2022-02-02T18:49:33Z,,9223
2022-02-02T18:49:34Z,,9223
2022-02-02T18:49:35Z,,9223
2022-02-02T18:49:36Z,,9223
2022-02-02T18:49:37Z,,9223
2022-02-02T18:49:38Z,,9223
2022-02-02T18:49:39Z,,9223
2022-02-02T18:49:40Z,,9223
2022-02-02T18:49:41Z,,9223
2022-02-02T18:49:42Z,,9223
2022-02-02T18:49:43Z,,9223
2022-02-02T18:49:44Z,,9223
2022-02-02T18:49:45Z,,9223
2022-02-02T18:49:46Z,,9223
2022-02-02T18:49:47Z,,9223
2022-02-02T18:49:48Z,,9223
2022-02-02T18:49:49Z,,9223
2022-02-02T18:49:50Z,,9223
2022-02-02T18:49:51Z,,9223
2022-02-02T18:49:52Z,,9223
2022-02-02T18:49:53Z,,9223
2022-02-02T18:49:54Z,,9223
2022-02-02T18:49:55Z,,9223
2022-02-02T18:49:56Z,,9223
2022-02-02T18:49:57Z,,9223
2022-02-02T18:49:58Z,,9223
2022-02-02T18:49:59Z,,9223
2022-02-02T18:50:00Z,,9223
2022-02-02T18:50:01Z,,9223
2022-02-02T18:50:02Z,,9223
2022-02-02T18:50:03Z,,9223
2022-02-02T18:50:04Z,,9223
2022-02-02T18:50:05Z,,9223
2022-02-02T18:50:06Z,,9223
2022-02-02T18:50:07Z,,9223
2022-02-02T18:50:08Z,,9223
2022-02-02T18:50:09Z,,9223
2022-02-02T18:50:10Z,,9223
2022-02-02T18:50:11Z,,9223
2022-02-02T18:50:12Z,,9223
2022-02-02T18:50:13Z,,9223
2022-02-02T18:50:14Z,,9223
2022-02-02T18:50:15Z,,9223
2022-02-02T18:50:16Z,,9223
2022-02-02T18:50:17Z,,9223
2022-02-02T18:50:18Z,,9223
2022-02-02T18:50:19Z,,9223
2022-02-02T18:50:20Z,,9223
2022-02-02T18:50:21Z,,9223
2022-02-02T18:50:22Z,,9223
2022-02-02T18:50:23Z,,9223
2022-02-02T18:50:24Z,,9223
2022-02-02T18:50:25Z,,9223
2022-02-02T18:50:26Z,,9223
2022-02-02T18:50:27Z,,9223
2022-02-02T18:50:28Z,,9223
2022-02-02T18:50:29Z,,9223
2022-02-02T18:50:30Z,,9223
2022-02-02T18:50:31Z,,9223
2022-02-02T18:50:32Z,,9223
2022-02-02T18:50:33Z,,9223
2022-02-02T18:50:34Z,,9223
2022-02-02T18:50:35Z,,9223
2022-02-02T18:50:36Z,,9223
2022-02-02T18:50:37Z,,9223
2022-02-02T18:50:38Z,,9223
2022-02-02T18:50:39Z,,9223
2022-02-02T18:50:40Z,,9223
2022-02-02T18:50:41Z,,9223
2022-02-02T18:50:42Z,,9223
2022-02-02T18:50:43Z,,9223
2022-02-02T18:50:44Z,,9223
2022-02-02T18:50:45Z,,9223
2022-02-02T18:50:46Z,,9223
2022-02-02T18:50:47Z,,9223
2022-02-02T18:50:48Z,,9223
2022-02-02T18:50:49Z,,9223
2022-02-02T18:50:50Z,,9223
2022-02-02T18:50:51Z,,9223
2022-02-02T18:50:52Z,,9223
2022-02-02T18:50:53Z,,9223
2022-02-02T18:50:54Z,,9223
2022-02-02T18:50:55Z,,9223
2022-02-02T18:50:56Z,,9223
2022-02-02T18:50:57Z,,9223
2022-02-02T18:50:58Z,,9223
2022-02-02T18:50:59Z,,9223
2022-02-02T18:51:00Z,,9223
2022-02-02T18:51:01Z,,9223
2022-02-02T18:51:02Z,,9223
2022-02-02T18:51:03Z,,9223
2022-02-02T18:51:04Z,,9223
2022-02-02T18:51:05Z,,9223
2022-02-02T18:51:06Z,,9223
2022-02-02T18:51:07Z,,9223
2022-02-02T18:51:08Z,,9223
2022-02-02T18:51:09Z,,9223
2022-02-02T18:51:10Z,,9223
2022-02-02T18:51:11Z,,9223
2022-02-02T18:51:12Z,,9223
2022-02-02T18:51:13Z,,9223
2022-02-02T18:51:14Z,,9223
2022-02-02T18:51:15Z,,9223
2022-02-02T18:51:16Z,,9223
2022-02-02T18:51:17Z,,9223
2022-02-02T18:51:18Z,,9223
2022-02-02T18:51:19Z,,9223
2022-02-02T18:51:20Z,,9223
2022-02-02T18:51:21Z,,9223
2022-02-02T18:51:22Z,,9223
2022-02-02T18:51:23Z,,9223
2022-02-02T18:51:24Z,,9223
2022-02-02T18:51:25Z,,9223
2022-02-02T18:51:26Z,,9223
2022-02-02T18:51:27Z,,9223
2022-02-02T18:51:28Z,,9223
2022-02-02T18:51:29Z,,9223
2022-02-02T18:51:30Z,,9223
2022-02-02T18:51:31Z,,9223
2022-02-02T18:51:32Z,,9223
2022-02-02T18:51:33Z,,9223
2022-02-02T18:51:34Z,,9223
2022-02-02T18:51:35Z,,9223
2022-02-02T18:51:36Z,,9223
2022-02-02T18:51:37Z,,9223
2022-02-02T18:51:38Z,,9223
2022-02-02T18:51:39Z,,9223
2022-02-02T18:51:40Z,,9223
2022-02-02T18:51:41Z,,9223
2022-02-02T18:51:42Z,,9223
2022-02-02T18:51:43Z,,9223
2022-02-02T18:51:44Z,,9223
2022-02-02T18:51:45Z,,9223
2022-02-02T18:51:46Z,,9223
2022-02-02T18:51:47Z,,9223
2022-02-02T18:51:48Z,,9223
2022-02-02T18:51:49Z,,9223
2022-02-02T18:51:50Z,,9223
2022-02-02T18:51:51Z,,9223
2022-02-02T18:51:52Z,,9223
2022-02-02T18:51:53Z,,9223
2022-02-02T18:51:54Z,,9223
2022-02-02T18:51:55Z,,9223
2022-02-02T18:51:56Z,,9223
2022-02-02T18:51:57Z,,9223
2022-02-02T18:51:58Z,,9223
2022-02-02T18:51:59Z,,9223
2022-02-02T18:52:00Z,,9223
2022-02-02T18:52:01Z,,9223
2022-02-02T18:52:02Z,,9223
2022-02-02T18:52:03Z,,9223
2022-02-02T18:52:04Z,,9223
2022-02-02T18:52:05Z,,9223
2022-02-02T18:52:06Z,,9223
2022-02-02T18:52:07Z,,9223
2022-02-02T18:52:08Z,,9223
2022-02-02T18:52:09Z,,9223
2022-02-02T18:52:10Z,,9223
2022-02-02T18:52:11Z,,9223
2022-02-02T18:52:12Z,,9223
2022-02-02T18:52:13Z,,9223
2022-02-02T18:52:14Z,,9223
2022-02-02T18:52:15Z,,9223
2022-02-02T18:52:16Z,,9223
2022-02-02T18:52:17Z,,9223
2022-02-02T18:52:18Z,,9223
2022-02-02T18:52:19Z,,9223
2022-02-02T18:52:20Z,,9223
2022-02-02T18:52:21Z,,9223
2022-02-02T18:52:22Z,,9223
2022-02-02T18:52:23Z,,9223
2022-02-02T18:52:24Z,,9223
2022-02-02T18:52:25Z,,9223
2022-02-02T18:52:26Z,,9223
2022-02-02T18:52:27Z,,9223
2022-02-02T18:52:28Z,,9223
2022-02-02T18:52:29Z,,9223
2022-02-02T18:52:30Z,,9223
2022-02-02T18:52:31Z,,9223
2022-02-02T18:52:32Z,,9223
2022-02-02T18:52:33Z,,9223
2022-02-02T18:52:34Z,,9223
2022-02-02T18:52:35Z,,9223
2022-02-02T18:52:36Z,,9223
2022-02-02T18:52:37Z,,9223
2022-02-02T18:52:38Z,,9223
2022-02-02T18:52:39Z,,9223
2022-02-02T18:52:40Z,,9223
2022-02-02T18:52:41Z,,9223
2022-02-02T18:52:42Z,,9223
2022-02-02T18:52:43Z,,9223
2022-02-02T18:52:44Z,,9223
2022-02-02T18:52:45Z,,9223
2022-02-02T18:52:46Z,,9223
2022-02-02T18:52:47Z,,9223
2022-02-02T18:52:48Z,,9223
2022-02-02T18:52:49Z,,9223
2022-02-02T18:52:50Z,,9223
2022-02-02T18:52:51Z,,9223
2022-02-02T18:52:52Z,,9223
2022-02-02T18:52:53Z,,9223
2022-02-02T18:52:54Z,,9223
2022-02-02T18:52:55Z,,9223
2022-02-02T18:52:56Z,,9223
2022-02-02T18:52:57Z,,9223
2022-02-02T18:52:58Z,,9223
2022-02-02T18:52:59Z,,9223
2022-02-02T18:53:00Z,,9223
2022-02-02T18:53:01Z,,9223
2022-02-02T18:53:02Z,,9223
2022-02-02T18:53:03Z,,9223
2022-02-02T18:53:04Z,,9223
2022-02-02T18:53:05Z,,9223
2022-02-02T18:53:06Z,,9223
2022-02-02T18:53:07Z,,9223
2022-02-02T18:53:08Z,,9223
2022-02-02T18:53:09Z,,9223
2022-02-02T18:53:10Z,,9223
2022-02-02T18:53:11Z,,9223
2022-02-02T18:53:12Z,,9223
2022-02-02T18:53:13Z,,9223
2022-02-02T18:53:14Z,,9223
2022-02-02T18:53:15Z,,9223
2022-02-02T18:53:16Z,,9223
2022-02-02T18:53:17Z,,9223
2022-02-02T18:53:18Z,,9223
2022-02-02T18:53:19Z,,9223
2022-02-02T18:53:20Z,,9223
2022-02-02T18:53:21Z,,9223
2022-02-02T18:53:22Z,,9223
2022-02-02T18:53:23Z,,9223
2022-02-02T18:53:24Z,,9223
2022-02-02T18:53:25Z,,9223
2022-02-02T18:53:26Z,,9223
2022-02-02T18:53:27Z,,9223
2022-02-02T18:53:28Z,,9223
2022-02-02T18:53:29Z,,9223
2022-02-02T18:53:30Z,,9223
2022-02-02T18:53:32Z,,9223
2022-02-02T18:53:33Z,,9223
2022-02-02T18:53:34Z,,9223
2022-02-02T18:53:35Z,,9223
2022-02-02T18:53:36Z,,9223
2022-02-02T18:53:37Z,,9223
2022-02-02T18:53:38Z,,9223
2022-02-02T18:53:39Z,,9223
2022-02-02T18:53:40Z,,9223
2022-02-02T18:53:41Z,,9223
2022-02-02T18:53:42Z,,9223
2022-02-02T18:53:43Z,,9223
2022-02-02T18:53:44Z,,9223
2022-02-02T18:53:45Z,,9223
2022-02-02T18:53:46Z,,9223
2022-02-02T18:53:47Z,,9223
2022-02-02T18:53:48Z,,9223
2022-02-02T18:53:49Z,,9223
2022-02-02T18:53:50Z,,9223
2022-02-02T18:53:51Z,,9223
2022-02-02T18:53:52Z,,9223
2022-02-02T18:53:53Z,,9223
2022-02-02T18:53:54Z,,9223
2022-02-02T18:53:55Z,,9223
2022-02-02T18:53:56Z,,9223
2022-02-02T18:53:57Z,,9223
2022-02-02T18:53:58Z,,9223
2022-02-02T18:53:59Z,,9223
2022-02-02T18:54:00Z,,9223
2022-02-02T18:54:01Z,,9223
2022-02-02T18:54:02Z,,9223
2022-02-02T18:54:03Z,,9223
2022-02-02T18:54:04Z,,9223
2022-02-02T18:54:05Z,,9223
2022-02-02T18:54:06Z,,9223
2022-02-02T18:54:07Z,,9223
2022-02-02T18:54:08Z,,9223
2022-02-02T18:54:09Z,,9223
2022-02-02T18:54:10Z,,9223
2022-02-02T18:54:11Z,,9223
2022-02-02T18:54:12Z,,9223
2022-02-02T18:54:13Z,,9223
2022-02-02T18:54:14Z,,9223
2022-02-02T18:54:15Z,,9223
2022-02-02T18:54:16Z,,9223
2022-02-02T18:54:17Z,,9223
2022-02-02T18:54:18Z,,9223
2022-02-02T18:54:19Z,,9223
2022-02-02T18:54:20Z,,9223
2022-02-02T18:54:21Z,,9223
2022-02-02T18:54:22Z,,9223
2022-02-02T18:54:23Z,,9223
2022-02-02T18:54:24Z,,9223
2022-02-02T18:54:25Z,,9223
2022-02-02T18:54:26Z,,9223
2022-02-02T18:54:27Z,,9223
2022-02-02T18:54:28Z,,9223
2022-02-02T18:54:29Z,,9223
2022-02-02T18:54:30Z,,9223
2022-02-02T18:54:31Z,,9223
2022-02-02T18:54:32Z,,9223
2022-02-02T18:54:33Z,,9223
2022-02-02T18:54:34Z,,9223
2022-02-02T18:54:35Z,,9223
2022-02-02T18:54:36Z,,9223
2022-02-02T18:54:37Z,,9223
2022-02-02T18:54:38Z,,9223
2022-02-02T18:54:39Z,,9223
2022-02-02T18:54:40Z,,9223
2022-02-02T18:54:41Z,,9223
2022-02-02T18:54:42Z,,9223
2022-02-02T18:54:43Z,,9223
2022-02-02T18:54:44Z,,9223
2022-02-02T18:54:45Z,,9223
2022-02-02T18:54:46Z,,9223
2022-02-02T18:54:47Z,,9223
2022-02-02T18:54:48Z,,9223
2022-02-02T18:54:49Z,,9223
2022-02-02T18:54:50Z,,9223
2022-02-02T18:54:51Z,,9223
2022-02-02T18:54:52Z,,9223
2022-02-02T18:54:53Z,,9223
2022-02-02T18:54:54Z,,9223
2022-02-02T18:54:55Z,,9223
2022-02-02T18:54:56Z,,9223
2022-02-02T18:54:57Z,,9223
2022-02-02T18:54:58Z,,9223
2022-02-02T18:54:59Z,,9223
2022-02-02T18:55:00Z,,9223
2022-02-02T18:55:01Z,,9223
2022-02-02T18:55:02Z,,9223
2022-02-02T18:55:03Z,,9223
2022-02-02T18:55:04Z,,9223
2022-02-02T18:55:05Z,,9223
2022-02-02T18:55:06Z,,9223
2022-02-02T18:55:07Z,,9223
2022-02-02T18:55:08Z,,9223
2022-02-02T18:55:09Z,,9223
2022-02-02T18:55:10Z,,9223
2022-02-02T18:55:11Z,,9223
2022-02-02T18:55:12Z,,9223
2022-02-02T18:55:13Z,,9223
2022-02-02T18:55:14Z,,9223
2022-02-02T18:55:15Z,,9223
2022-02-02T18:55:16Z,,9223
2022-02-02T18:55:17Z,,9223
2022-02-02T18:55:18Z,,9223
2022-02-02T18:55:19Z,,9223
2022-02-02T18:55:20Z,,9223
2022-02-02T18:55:21Z,,9223
2022-02-02T18:55:22Z,,9223
2022-02-02T18:55:23Z,,9223
2022-02-02T18:55:24Z,,9223
2022-02-02T18:55:25Z,,9223
2022-02-02T18:55:26Z,,9223
2022-02-02T18:55:27Z,,9223
2022-02-02T18:55:28Z,,9223
2022-02-02T18:55:29Z,,9223
2022-02-02T18:55:30Z,,9223
2022-02-02T18:55:31Z,,9223
2022-02-02T18:55:32Z,,9223
2022-02-02T18:55:33Z,,9223
2022-02-02T18:55:34Z,,9223
2022-02-02T18:55:35Z,,9223
2022-02-02T18:55:36Z,,9223
2022-02-02T18:55:37Z,,9223
2022-02-02T18:55:38Z,,9223
2022-02-02T18:55:39Z,,9223
2022-02-02T18:55:40Z,,9223
2022-02-02T18:55:41Z,,9223
2022-02-02T18:55:42Z,,9223
2022-02-02T18:55:43Z,,9223
2022-02-02T18:55:44Z,,9223
2022-02-02T18:55:45Z,,9223
2022-02-02T18:55:46Z,,9223
2022-02-02T18:55:47Z,,9223
2022-02-02T18:55:48Z,,9223
2022-02-02T18:55:49Z,,9223
2022-02-02T18:55:50Z,,9223
2022-02-02T18:55:51Z,,9223
2022-02-02T18:55:52Z,,9223
2022-02-02T18:55:53Z,,9223
2022-02-02T18:55:54Z,,9223
2022-02-02T18:55:55Z,,9223
2022-02-02T18:55:56Z,,9223
2022-02-02T18:55:57Z,,9223
2022-02-02T18:55:58Z,,9223
2022-02-02T18:55:59Z,,9223
2022-02-02T18:56:00Z,,9223
2022-02-02T18:56:01Z,,9223
2022-02-02T18:56:02Z,,9223
2022-02-02T18:56:03Z,,9223
2022-02-02T18:56:04Z,,9223
2022-02-02T18:56:05Z,,9223
2022-02-02T18:56:06Z,,9223
2022-02-02T18:56:07Z,,9223
2022-02-02T18:56:08Z,,9223
2022-02-02T18:56:09Z,,9223
2022-02-02T18:56:10Z,,9223
2022-02-02T18:56:11Z,,9223
2022-02-02T18:56:12Z,,9223
2022-02-02T18:56:13Z,,9223
2022-02-02T18:56:14Z,,9223
2022-02-02T18:56:15Z,,9223
2022-02-02T18:56:16Z,,9223
2022-02-02T18:56:17Z,,9223
2022-02-02T18:56:18Z,,9223
2022-02-02T18:56:19Z,,9223
2022-02-02T18:56:20Z,,9223
2022-02-02T18:56:21Z,,9223
2022-02-02T18:56:22Z,,9223
2022-02-02T18:56:23Z,,9223
2022-02-02T18:56:24Z,,9223
2022-02-02T18:56:25Z,,9223
2022-02-02T18:56:26Z,,9223
2022-02-02T18:56:27Z,,9223
2022-02-02T18:56:28Z,,9223
2022-02-02T18:56:29Z,,9223
2022-02-02T18:56:30Z,,9223
2022-02-02T18:56:31Z,,9223
2022-02-02T18:56:32Z,,9223
